Q90400143,Q135436
Q487180,Q41085
Q1047293,Q1047293
Q106653542,Q1640731
Q110608644,Q1546437
Q326282,Q1634522
Q426509,Q80171
Q414528,Q920456
Q51782293,Q4173330
Q3948734,Q774609
Q753828,Q1075104
Q100993141,Q1529514
Q101836462,Q504723
Q114618305,Q1247543
Q74544911,Q3551326
Q42023596,Q5202363
Q149805,Q2281564
Q74558164,Q4826824
Q74542239,Q9091535
Q74544965,Q4005879
Q30294086,Q1736398
Q30293728,Q6465150
Q52636249,Q5397474
Q42821694,Q3290454
Q4781581,Q4781578
Q52575379,Q5576619
Q74554387,Q2495679
Q107751040,Q3716653
Q73495409,Q1230739
Q74528144,Q7227041
Q10387827,Q7894373
Q74538042,Q478044
Q99474211,Q2093110
Q101012704,Q4702271
Q1475036,Q458666
Q16820857,Q1887921
Q7894317,Q7894317